{"cameraMode":{"drawMode":0,"name":"Shaded","section":"Shading Mode"},"sceneLighting":false,"audioPlay":false,"sceneViewState":{"m_AlwaysRefresh":false,"showFog":true,"showSkybox":false,"showFlares":true,"showImageEffects":true,"showParticleSystems":true,"showVisualEffectGraphs":true,"m_FxEnabled":true},"in2DMode":false,"pivot":{"x":0.5614656209945679,"y":2.582718849182129,"z":0.02902129292488098},"rotation":{"x":-0.021550709381699563,"y":0.7476693391799927,"z":-0.024182934314012529,"w":-0.6633318662643433},"size":1.2929469347000123,"orthographic":true}