{"cameraMode":{"drawMode":0,"name":"Shaded","section":"Shading Mode"},"sceneLighting":false,"audioPlay":false,"sceneViewState":{"m_AlwaysRefresh":false,"showFog":true,"showSkybox":false,"showFlares":true,"showImageEffects":true,"showParticleSystems":true,"showVisualEffectGraphs":true,"m_FxEnabled":true},"in2DMode":false,"pivot":{"x":-0.40001869201660159,"y":-0.1276087760925293,"z":-1.4570245742797852},"rotation":{"x":0.1571693867444992,"y":0.6880312561988831,"z":-0.15147961676120759,"w":0.6930041909217835},"size":17.688148498535158,"orthographic":false}