{"cameraMode":{"drawMode":0,"name":"Shaded","section":"Shading Mode"},"sceneLighting":false,"audioPlay":false,"sceneViewState":{"m_AlwaysRefresh":false,"showFog":true,"showSkybox":false,"showFlares":true,"showImageEffects":true,"showParticleSystems":true,"showVisualEffectGraphs":true,"m_FxEnabled":true},"in2DMode":false,"pivot":{"x":110.29707336425781,"y":23.68732452392578,"z":135.49530029296876},"rotation":{"x":-0.007293772418051958,"y":0.992718517780304,"z":-0.08508490025997162,"w":-0.08508346229791641},"size":57.98374938964844,"orthographic":false}