{"cameraMode":{"drawMode":0,"name":"Shaded","section":"Shading Mode"},"sceneLighting":false,"audioPlay":false,"sceneViewState":{"m_AlwaysRefresh":false,"showFog":true,"showSkybox":false,"showFlares":true,"showImageEffects":true,"showParticleSystems":true,"showVisualEffectGraphs":true,"m_FxEnabled":true},"in2DMode":false,"pivot":{"x":8.316760063171387,"y":3.5339488983154299,"z":0.14270853996276856},"rotation":{"x":-0.004405459854751825,"y":-0.5394377112388611,"z":0.003128241980448365,"w":-0.8421124815940857},"size":10.146885871887207,"orthographic":true}