{"cameraMode":{"drawMode":0,"name":"Shaded","section":"Shading Mode"},"sceneLighting":false,"audioPlay":false,"sceneViewState":{"m_AlwaysRefresh":false,"showFog":true,"showSkybox":false,"showFlares":true,"showImageEffects":true,"showParticleSystems":true,"showVisualEffectGraphs":true,"m_FxEnabled":true},"in2DMode":false,"pivot":{"x":56.659629821777347,"y":30.306259155273439,"z":-21.985170364379884},"rotation":{"x":0.07952235639095307,"y":-0.7462418675422669,"z":0.09273860603570938,"w":0.6552318930625916},"size":37.02391815185547,"orthographic":true}