{"cameraMode":{"drawMode":0,"name":"Shaded","section":"Shading Mode"},"sceneLighting":true,"audioPlay":false,"sceneViewState":{"m_AlwaysRefresh":false,"showFog":true,"showSkybox":true,"showFlares":true,"showImageEffects":true,"showParticleSystems":true,"showVisualEffectGraphs":true,"m_FxEnabled":true},"in2DMode":false,"pivot":{"x":132.92864990234376,"y":80.37715148925781,"z":266.97821044921877},"rotation":{"x":0.10097753256559372,"y":0.10632416605949402,"z":-0.008339844644069672,"w":0.989902913570404},"size":52.44877243041992,"orthographic":true}