{"cameraMode":{"drawMode":0,"name":"Shaded","section":"Shading Mode"},"sceneLighting":false,"audioPlay":false,"sceneViewState":{"m_AlwaysRefresh":false,"showFog":true,"showSkybox":false,"showFlares":true,"showImageEffects":true,"showParticleSystems":true,"showVisualEffectGraphs":true,"m_FxEnabled":true},"in2DMode":false,"pivot":{"x":-14.969451904296875,"y":24.649232864379884,"z":-16.803421020507814},"rotation":{"x":-0.20288440585136414,"y":0.47308090329170229,"z":-0.11126672476530075,"w":-0.8506575226783752},"size":10.91573429107666,"orthographic":false}