{"cameraMode":{"drawMode":0,"name":"Shaded","section":"Shading Mode"},"sceneLighting":false,"audioPlay":false,"sceneViewState":{"m_AlwaysRefresh":false,"showFog":true,"showSkybox":false,"showFlares":true,"showImageEffects":true,"showParticleSystems":true,"showVisualEffectGraphs":true,"m_FxEnabled":true},"in2DMode":false,"pivot":{"x":2.5713768005371095,"y":-0.666034460067749,"z":3.8150992393493654},"rotation":{"x":0.0024718602653592827,"y":0.6917059421539307,"z":0.0026286549400538208,"w":-0.7222810983657837},"size":17.40167999267578,"orthographic":true}