{"cameraMode":{"drawMode":0,"name":"Shaded","section":"Shading Mode"},"sceneLighting":true,"audioPlay":false,"sceneViewState":{"m_AlwaysRefresh":false,"showFog":true,"showSkybox":false,"showFlares":true,"showImageEffects":true,"showParticleSystems":true,"showVisualEffectGraphs":true,"m_FxEnabled":true},"in2DMode":false,"pivot":{"x":6.168010711669922,"y":0.5642751455307007,"z":-6.202751159667969},"rotation":{"x":0.0020009370055049659,"y":0.9975056052207947,"z":-0.04884420335292816,"w":0.053932830691337588},"size":1.2869961261749268,"orthographic":true}